New ID,ID,Bulan,Tanggal,Harga Beras,Harga Daging Ayam,Harga Daging Sapi,Harga Telor Ayam,Harga Bawang merah,Harga Bawang Putih,Harga Cabai Merah,Harga Cabai Rawit,Harga Minyak Goreng,Harga Gula Pasir,Harga Rata Rata Sembako
1,1,,02/11/2020,11800 ,34100 ,117850 ,24850 ,35450 ,27750 ,43700 ,35550 ,14250 ,14350 ,35965 
2,2,,03/11/2020,11800 ,34200 ,118150 ,24900 ,35850 ,27900 ,43850 ,35200 ,14250 ,14400 ,36050 
3,3,,04/11/2020,11800 ,34350 ,118300 ,24900 ,36050 ,27900 ,43750 ,35300 ,14250 ,14400 ,36100 
4,4,,05/11/2020,11800 ,34500 ,118250 ,24950 ,36300 ,27950 ,43600 ,35500 ,14250 ,14400 ,36150 
5,5,,06/11/2020,11800 ,34650 ,118250 ,25050 ,36700 ,28100 ,43350 ,35700 ,14250 ,14400 ,36225 
6,,,11/7/2020,11800 ,34740 ,118250 ,25090 ,37040 ,28130 ,43200 ,36060 ,14280 ,14400 ,36299 
7,,,11/8/2020,11800 ,34740 ,118250 ,25090 ,37040 ,28130 ,43200 ,36060 ,14280 ,14400 ,36299 
8,6,,09/11/2020,11800 ,34900 ,118250 ,25150 ,37400 ,28200 ,42950 ,36400 ,14300 ,14400 ,36375 
9,7,,10/11/2020,11800 ,34900 ,118250 ,25200 ,37750 ,28250 ,42900 ,36650 ,14300 ,14400 ,36440 
10,8,,11/11/2020,11800 ,35000 ,118250 ,25300 ,38000 ,28300 ,42700 ,36650 ,14300 ,14400 ,36470 
11,9,,12/11/2020,11800 ,35100 ,118350 ,25400 ,38200 ,28400 ,42300 ,36600 ,14300 ,14400 ,36485 
12,10,,11/13/2020,11800 ,35100 ,118350 ,25550 ,38350 ,28500 ,42100 ,36350 ,14300 ,14350 ,36475 
13,,,11/14/2020,11800 ,35210 ,118340 ,25710 ,38360 ,28540 ,41880 ,36590 ,14300 ,14390 ,36512 
14,,Nov,11/15/2020,11800 ,35210 ,118340 ,25710 ,38360 ,28540 ,41880 ,36590 ,14300 ,14390 ,36512 
15,11,,16/11/2020,11800 ,35300 ,118300 ,25900 ,38450 ,28650 ,41650 ,36700 ,14300 ,14400 ,36545 
16,12,,17/11/2020,11800 ,35350 ,118350 ,26000 ,38450 ,28600 ,41450 ,36700 ,14300 ,14400 ,36540 
17,13,,18/11/2020,11800 ,35200 ,118200 ,26000 ,38300 ,28750 ,41300 ,36400 ,14350 ,14400 ,36470 
18,14,,19/11/2020,11800 ,35250 ,118250 ,26050 ,38350 ,28750 ,41150 ,36150 ,14350 ,14400 ,36450 
19,15,,20/11/2020,11800 ,35300 ,118250 ,26150 ,38450 ,28750 ,41150 ,36150 ,14350 ,14400 ,36475 
20,,,11/21/2020,11800 ,35280 ,118440 ,26200 ,38310 ,28790 ,40990 ,36240 ,14350 ,14400 ,36480 
21,,,11/22/2020,11800 ,35280 ,118440 ,26200 ,38310 ,28790 ,40990 ,36240 ,14350 ,14400 ,36480 
22,16,,23/11/2020,11800 ,35250 ,118700 ,26300 ,38300 ,28800 ,40800 ,36200 ,14350 ,14400 ,36490 
23,17,,24/11/2020,11800 ,35300 ,118550 ,26300 ,38150 ,28850 ,40850 ,36450 ,14350 ,14400 ,36500 
24,18,,25/11/2020,11800 ,35350 ,118500 ,26300 ,38100 ,28850 ,40750 ,36750 ,14350 ,14400 ,36515 
25,19,,26/11/2020,11800 ,35400 ,118500 ,26300 ,38000 ,28900 ,41150 ,37500 ,14350 ,14400 ,36630 
26,20,,27/11/2020,11800 ,35250 ,118500 ,26300 ,37850 ,28800 ,42150 ,38050 ,14350 ,14400 ,36745 
27,,,11/28/2020,11800 ,35180 ,118460 ,26330 ,37790 ,28810 ,43280 ,39860 ,14350 ,14400 ,37026 
28,,,11/29/2020,11800 ,35180 ,118460 ,26330 ,37790 ,28810 ,43280 ,39860 ,14350 ,14400 ,37026 
29,21,,30/11/2020,11800 ,35050 ,118450 ,26350 ,37750 ,28800 ,44500 ,41300 ,14350 ,14400 ,37275 
30,22,,01/12/2020,11800 ,35000 ,118400 ,26350 ,37550 ,28750 ,45300 ,42600 ,14350 ,14400 ,37450 
31,23,,02/12/2020,11800 ,34850 ,118450 ,26350 ,37500 ,28750 ,45700 ,42600 ,14400 ,14350 ,37475 
32,24,,03/12/2020,11800 ,34750 ,118400 ,26400 ,37150 ,28750 ,46550 ,42750 ,14400 ,14350 ,37530 
33,25,,04/12/2020,11800 ,34650 ,118400 ,26450 ,37450 ,28750 ,47450 ,43800 ,14400 ,14350 ,37750 
34,,,12/5/2020,11800 ,34550 ,118450 ,26660 ,37400 ,28730 ,47960 ,44880 ,14400 ,14350 ,37918 
35,,,12/6/2020,11800 ,34550 ,118450 ,26660 ,37400 ,28730 ,47960 ,44880 ,14400 ,14350 ,37918 
36,26,,07/12/2020,11800 ,34450 ,118500 ,26800 ,37500 ,28700 ,48650 ,46250 ,14400 ,14350 ,38140 
37,27,,08/12/2020,11800 ,34350 ,118500 ,27000 ,37500 ,28700 ,49200 ,46700 ,14400 ,14350 ,38250 
38,,,12/9/2020,11800,34600,118600,27200,37400,28700,49500,47000,14400,14400,38360 
39,28,,10/12/2020,11800 ,34600 ,118600 ,27300 ,37350 ,28750 ,50050 ,47350 ,14400 ,14350 ,38455 
40,29,,11/12/2020,11800 ,34800 ,118600 ,27500 ,37250 ,28750 ,50250 ,47750 ,14400 ,14350 ,38545 
41,,,12/12/2020,11800 ,35090 ,118640 ,27790 ,37180 ,28700 ,50560 ,47610 ,14400 ,14360 ,38613 
42,,,12/13/2020,11800 ,35090 ,118640 ,27790 ,37180 ,28700 ,50560 ,47610 ,14400 ,14360 ,38613 
43,30,,14/12/2020,11800 ,35400 ,118650 ,28100 ,37100 ,28650 ,50800 ,47400 ,14400 ,14350 ,38665 
44,31,Dec,15/12/2020,11800 ,35550 ,118700 ,28250 ,37000 ,28650 ,51150 ,47950 ,14400 ,14400 ,38785 
45,32,,16/12/2020,11800 ,35900 ,118850 ,28350 ,36850 ,28650 ,51300 ,47800 ,14400 ,14350 ,38825 
46,33,,17/12/2020,11800 ,35950 ,118700 ,28400 ,36400 ,28650 ,51900 ,48300 ,14400 ,14350 ,38885 
47,34,,18/12/2020,11800 ,36100 ,118850 ,28450 ,36700 ,28650 ,52650 ,48450 ,14400 ,14350 ,39040 
48,,,12/19/2020,11800 ,36150 ,118800 ,28580 ,36310 ,28580 ,54030 ,50480 ,14400 ,14350 ,39348 
49,,,12/20/2020,11800 ,36150 ,118800 ,28580 ,36310 ,28580 ,54030 ,50480 ,14400 ,14350 ,39348 
50,35,,21/12/2020,11800 ,36100 ,118850 ,28800 ,36150 ,28450 ,54950 ,51700 ,14400 ,14350 ,39555 
51,36,,22/12/2020,11800 ,36450 ,118800 ,28650 ,36000 ,28550 ,56600 ,53450 ,14400 ,14350 ,39905 
52,37,,23/12/2020,11800 ,36300 ,118850 ,28850 ,35850 ,28500 ,57300 ,53450 ,14400 ,14400 ,39970 
53,,,12/24/2020,11800 ,36160 ,118760 ,28390 ,35390 ,28540 ,56990 ,56710 ,14410 ,14380 ,40153 
54,,,12/25/2020,11800 ,36160 ,118760 ,28390 ,35390 ,28540 ,56990 ,56710 ,14410 ,14380 ,40153 
55,,,12/26/2020,11800 ,36160 ,118760 ,28390 ,35390 ,28540 ,56990 ,56710 ,14410 ,14380 ,40153 
56,,,12/27/2020,11800 ,36160 ,118760 ,28390 ,35390 ,28540 ,56990 ,56710 ,14410 ,14380 ,40153 
57,38,,28/12/2020,11800 ,36050 ,118350 ,28250 ,35000 ,28500 ,59550 ,58600 ,14400 ,14400 ,40490 
58,39,,29/12/2020,11800 ,36000 ,118450 ,28200 ,34800 ,28500 ,59050 ,59450 ,14400 ,14400 ,40505 
59,40,,30/12/2020,11800 ,36150 ,119150 ,28200 ,34650 ,28700 ,58250 ,59700 ,14450 ,14400 ,40545 
60,,,12/31/2020,11800 ,36110 ,118960 ,28010 ,34420 ,28520 ,57660 ,63380 ,14450 ,14410 ,40772 
60,,,1/1/2021,11800 ,36110 ,118960 ,28010 ,34420 ,28520 ,57660 ,63380 ,14450 ,14410 ,40772 
61,,,1/2/2021,11800 ,36110 ,118960 ,28010 ,34420 ,28520 ,57660 ,63380 ,14450 ,14410 ,40772 
62,,,1/3/2021,11800 ,36110 ,118960 ,28010 ,34420 ,28520 ,57660 ,63380 ,14450 ,14410 ,40772 
63,41,,04/01/2021,11800 ,36100 ,118750 ,27700 ,33950 ,28500 ,57550 ,68900 ,14450 ,14400 ,41210 
64,42,,05/01/2021,11800 ,36000 ,119300 ,27600 ,33850 ,28500 ,57350 ,68500 ,14500 ,14450 ,41185 
65,43,,06/01/2021,11800 ,36100 ,119400 ,27650 ,33700 ,28450 ,56350 ,68850 ,14500 ,14400 ,41120 
66,44,,07/01/2021,11800 ,36150 ,119400 ,27600 ,33550 ,28500 ,55900 ,69550 ,14500 ,14400 ,41135 
67,45,,08/01/2021,11800 ,35800 ,119450 ,27550 ,33350 ,28450 ,54900 ,69800 ,14500 ,14400 ,41000 
68,,,1/9/2021,11800 ,35840 ,119380 ,27490 ,33210 ,28360 ,54080 ,69800 ,14500 ,14400 ,40886 
69,,,1/10/2021,11800 ,35840 ,119380 ,27490 ,33210 ,28360 ,54080 ,69800 ,14500 ,14400 ,40886 
70,46,,11/01/2021,11800 ,35700 ,119350 ,27450 ,33050 ,28300 ,52850 ,69700 ,14500 ,14400 ,40710 
71,47,,12/01/2021,11800 ,35700 ,119300 ,27350 ,32900 ,28200 ,52650 ,70150 ,14500 ,14400 ,40695 
72,48,,13/01/2021,11800 ,35600 ,119250 ,27250 ,32950 ,28200 ,51800 ,69400 ,14500 ,14400 ,40515 
73,49,,14/01/2021,11800 ,35600 ,119250 ,27200 ,32950 ,28250 ,51250 ,69550 ,14500 ,14450 ,40480 
74,50,Jan,15/01/2021,11800 ,35400 ,119550 ,27100 ,32800 ,28350 ,51350 ,69900 ,14500 ,14450 ,40520 
75,,,1/16/2021,11800 ,35280 ,119360 ,26930 ,32750 ,28300 ,51760 ,69790 ,14500 ,14450 ,40492 
76,,,1/17/2021,11800 ,35280 ,119360 ,26930 ,32750 ,28300 ,51760 ,69790 ,14500 ,14450 ,40492 
77,51,,18/01/2021,11800 ,35100 ,119300 ,26800 ,32650 ,28350 ,52400 ,70100 ,14500 ,14450 ,40545 
78,52,,19/01/2021,11800 ,35000 ,119350 ,26600 ,32600 ,28250 ,52050 ,69600 ,14500 ,14450 ,40420 
79,53,,20/01/2021,11800 ,34850 ,119200 ,27400 ,32500 ,28250 ,51550 ,69150 ,14500 ,14450 ,40365 
80,54,,21/01/2021,11800 ,34750 ,118850 ,27300 ,32400 ,28250 ,50550 ,68200 ,14500 ,14400 ,40100 
81,55,,22/01/2021,11800 ,34750 ,118950 ,27250 ,32350 ,28200 ,49700 ,68100 ,14500 ,14400 ,40000 
82,,,1/23/2021,11800 ,34530 ,119330 ,27110 ,32150 ,28140 ,48850 ,67660 ,14500 ,14400 ,39847 
83,,,1/24/2021,11800 ,34530 ,119330 ,27110 ,32150 ,28140 ,48850 ,67660 ,14500 ,14400 ,39847 
84,56,,25/01/2021,11800 ,34400 ,119750 ,27000 ,31900 ,28050 ,47600 ,67300 ,14500 ,14400 ,39670 
85,57,,26/01/2021,11800 ,34200 ,119750 ,26900 ,31950 ,28050 ,47550 ,67050 ,14500 ,14400 ,39615 
86,58,,27/01/2021,11850 ,34350 ,119850 ,26900 ,32000 ,28050 ,47250 ,68200 ,14500 ,14450 ,39740 
87,59,,28/01/2021,11800 ,34050 ,119550 ,25750 ,31700 ,28750 ,46700 ,66750 ,14500 ,14400 ,39395 
88,60,,29/01/2021,11850 ,33700 ,119950 ,26650 ,31650 ,28000 ,47650 ,67600 ,14500 ,14400 ,39595 
89,,,1/30/2021,11810 ,33750 ,119650 ,26210 ,31550 ,28160 ,47990 ,67460 ,14500 ,14400 ,39548 
90,,,1/31/2021,11810 ,33750 ,119650 ,26210 ,31550 ,28160 ,47990 ,67460 ,14500 ,14400 ,39548 
91,61,,01/02/2021,11800 ,33550 ,119600 ,26200 ,31450 ,27900 ,48350 ,67350 ,14500 ,14400 ,39510 
92,62,,02/02/2021,11800 ,33700 ,119500 ,26250 ,31400 ,28000 ,49250 ,68150 ,14500 ,14400 ,39695 
93,63,,03/02/2021,11800 ,33550 ,119550 ,26300 ,31300 ,28000 ,50300 ,68700 ,14500 ,14350 ,39835 
94,64,,04/02/2021,11800 ,33750 ,119550 ,26300 ,31350 ,27950 ,50550 ,68700 ,14500 ,14350 ,39880 
95,65,,05/02/2021,11800 ,33800 ,119550 ,25550 ,31250 ,27950 ,50800 ,68500 ,14500 ,14350 ,39805 
96,,,2/6/2021,11800 ,34040 ,119560 ,25840 ,31300 ,27960 ,50740 ,68960 ,14500 ,14360 ,39906 
97,,,2/7/2021,11800 ,34040 ,119560 ,25840 ,31300 ,27960 ,50740 ,68960 ,14500 ,14360 ,39906 
98,66,,08/02/2021,11800 ,34250 ,119500 ,25750 ,31250 ,27950 ,50850 ,69300 ,14500 ,14350 ,39950 
99,67,,09/02/2021,11800 ,34350 ,119650 ,25750 ,31350 ,28000 ,50750 ,69350 ,14500 ,14400 ,39990 
100,68,,10/02/2021,11800 ,34550 ,119650 ,25750 ,31750 ,28050 ,50250 ,69300 ,14500 ,14350 ,39995 
101,69,,11/02/2021,11800 ,34550 ,119650 ,25850 ,32050 ,28250 ,50750 ,69400 ,14500 ,14350 ,40115 
102,,,2/12/2021,11800,34610,119650,25890,32260,28410,49560,69980,14500,14360,40102 
103,,,2/13/2021,11800 ,34610 ,119650 ,25890 ,32260 ,28410 ,49560 ,69980 ,14500 ,14360 ,40102 
104,,,2/14/2021,11800 ,34610 ,119650 ,25890 ,32260 ,28410 ,49560 ,69980 ,14500 ,14360 ,40102 
105,70,Feb,15/02/2021,11800 ,34700 ,119650 ,25950 ,32700 ,28600 ,49050 ,70650 ,14500 ,14350 ,40195 
106,71,,16/02/2021,11800 ,34750 ,119650 ,26000 ,32750 ,28700 ,48350 ,70150 ,14500 ,14350 ,40100 
107,72,,17/02/2021,11800 ,34750 ,119650 ,26050 ,32950 ,28850 ,48200 ,71000 ,14500 ,14350 ,40210 
108,73,,18/02/2021,11800 ,34700 ,119600 ,26000 ,32900 ,28950 ,48000 ,72000 ,14500 ,14400 ,40285 
109,74,,19/02/2021,11800 ,34750 ,119600 ,26000 ,32850 ,28950 ,47600 ,72100 ,14500 ,14350 ,40250 
110,,,2/20/2021,11800 ,34680 ,119600 ,25930 ,33140 ,29090 ,47330 ,72880 ,14500 ,14340 ,40329 
111,,,2/21/2021,11800 ,34680 ,119600 ,25930 ,33140 ,29090 ,47330 ,72880 ,14500 ,14340 ,40329 
112,75,,22/02/2021,11800 ,34650 ,119600 ,25900 ,33300 ,29250 ,47100 ,73500 ,14500 ,14300 ,40390 
113,76,,23/02/2021,11800 ,34600 ,119600 ,25800 ,33500 ,29200 ,46600 ,73900 ,14500 ,14300 ,40380 
114,77,,24/02/2021,11800 ,34550 ,119600 ,25750 ,33650 ,29350 ,46400 ,74850 ,14500 ,14300 ,40475 
115,78,,25/02/2021,11800 ,34500 ,119600 ,25850 ,33750 ,29400 ,46350 ,75300 ,14500 ,14300 ,40535 
116,79,,26/02/2021,11800 ,34450 ,119800 ,25800 ,33850 ,29500 ,46500 ,75450 ,14550 ,14300 ,40600 
117,,,2/27/2021,11800 ,34430 ,119610 ,25790 ,34060 ,29460 ,46660 ,76180 ,14540 ,14300 ,40683 
118,,,2/28/2021,11800 ,34430 ,119610 ,25790 ,34060 ,29460 ,46660 ,76180 ,14540 ,14300 ,40683 
119,80,,01/03/2021,11800 ,34300 ,119550 ,25750 ,34250 ,29450 ,46800 ,76600 ,14550 ,14300 ,40735 
120,81,,02/03/2021,11800 ,34450 ,119500 ,25750 ,34400 ,29500 ,47000 ,77350 ,14550 ,14300 ,40860 
121,82,,03/03/2021,11800 ,34450 ,119600 ,25750 ,34650 ,29550 ,47350 ,78050 ,14550 ,14350 ,41010 
122,83,,04/03/2021,11800 ,34550 ,119550 ,25750 ,34750 ,29600 ,47200 ,78000 ,14550 ,14300 ,41005 
123,84,,05/03/2021,11800 ,34700 ,119600 ,25750 ,34800 ,29500 ,47550 ,78300 ,14550 ,14300 ,41085 
124,,,3/6/2021,11800 ,34740 ,119560 ,25740 ,35000 ,29530 ,47780 ,77760 ,14580 ,14300 ,41079 
125,,,3/7/2021,11800 ,34740 ,119560 ,25740 ,35000 ,29530 ,47780 ,77760 ,14580 ,14300 ,41079 
126,85,,08/03/2021,11800 ,34850 ,119600 ,25700 ,35200 ,29450 ,47950 ,77300 ,14600 ,14300 ,41075 
127,86,,09/03/2021,11800 ,34850 ,119500 ,25750 ,35250 ,29550 ,48400 ,77450 ,14600 ,14300 ,41145 
128,87,,10/03/2021,11800 ,34850 ,119450 ,25700 ,35200 ,29500 ,48300 ,77850 ,14600 ,14300 ,41155 
129,,,3/11/2021,11800,34950,119380,25700,35250,29450,48480,77480,14580,14280,41135 
130,88,,12/03/2021,11800 ,35050 ,119300 ,25700 ,35300 ,29400 ,48650 ,77100 ,14550 ,14250 ,41110 
131,,,3/13/2021,11800 ,34940 ,119310 ,25560 ,35310 ,29530 ,48960 ,77760 ,14580 ,14280 ,41203 
132,,,3/14/2021,11800 ,34940 ,119310 ,25560 ,35310 ,29530 ,48960 ,77760 ,14580 ,14280 ,41203 
133,89,Mar,15/03/2021,11800 ,34900 ,119350 ,25450 ,35350 ,29650 ,49400 ,77900 ,14600 ,14300 ,41270 
134,90,,16/03/2021,11800 ,34850 ,119200 ,25400 ,35350 ,29600 ,49300 ,78550 ,14600 ,14300 ,41295 
135,91,,17/03/2021,11800 ,34950 ,119200 ,25300 ,35350 ,29700 ,49350 ,78650 ,14650 ,14300 ,41325 
136,92,,18/03/2021,11850 ,34900 ,119200 ,25250 ,35250 ,29700 ,49300 ,78950 ,14650 ,14300 ,41335 
137,93,,19/03/2021,11800 ,34950 ,119200 ,25300 ,35400 ,29800 ,49200 ,79100 ,14650 ,14300 ,41370 
138,,,3/20/2021,11810 ,34840 ,119240 ,25200 ,35260 ,29700 ,49080 ,79050 ,14680 ,14300 ,41316 
139,,,3/21/2021,11810 ,34840 ,119240 ,25200 ,35260 ,29700 ,49080 ,79050 ,14680 ,14300 ,41316 
140,94,,22/03/2021,11800 ,34800 ,119250 ,25150 ,35300 ,29700 ,48900 ,79100 ,14700 ,14300 ,41300 
141,95,,23/03/2021,11800 ,34700 ,119300 ,25100 ,35100 ,29600 ,48900 ,79050 ,14700 ,14300 ,41255 
142,96,,24/03/2021,11800 ,34650 ,119300 ,25100 ,35100 ,29700 ,49300 ,78250 ,14700 ,14250 ,41215 
143,97,,25/03/2021,11800 ,34500 ,119300 ,25000 ,35000 ,29700 ,49500 ,77900 ,14700 ,14250 ,41165 
144,98,,26/03/2021,11800 ,34400 ,119300 ,24950 ,34900 ,29750 ,49950 ,77450 ,14700 ,14300 ,41150 
145,,,3/27/2021,11800 ,34440 ,119310 ,24830 ,34810 ,29800 ,49930 ,76700 ,14700 ,14290 ,41061 
146,,,3/28/2021,11800 ,34440 ,119310 ,24830 ,34810 ,29800 ,49930 ,76700 ,14700 ,14290 ,41061 
147,99,,29/03/2021,11800 ,34400 ,119350 ,24700 ,34700 ,29800 ,50200 ,76300 ,14700 ,14300 ,41025 
148,100,,30/03/2021,11800 ,34450 ,119300 ,24650 ,34650 ,29950 ,50050 ,75150 ,14700 ,14300 ,40900 
149,101,,31/03/2021,11800 ,34550 ,119550 ,24600 ,34550 ,29900 ,50200 ,73900 ,14700 ,14300 ,40805 
150,102,,01/04/2021,11800 ,34750 ,119650 ,24700 ,34400 ,29900 ,50100 ,73250 ,14750 ,14250 ,40755 
151,,,4/2/2021,11800,35100,119580,24780,34270,29960,50490,72990,14740,14270,40798 
152,,,4/3/2021,11800 ,35100 ,119580 ,24780 ,34270 ,29960 ,50490 ,72990 ,14740 ,14270 ,40798 
153,,,4/4/2021,11800 ,35100 ,119580 ,24780 ,34270 ,29960 ,50490 ,72990 ,14740 ,14270 ,40798 
154,103,,05/04/2021,11800 ,35350 ,119650 ,24800 ,34050 ,30000 ,50950 ,72000 ,14750 ,14250 ,40760 
155,104,,06/04/2021,11800 ,35550 ,119650 ,24850 ,34050 ,30000 ,51000 ,72250 ,14750 ,14250 ,40815 
156,105,,07/04/2021,11800 ,35950 ,119650 ,25050 ,33900 ,30000 ,50650 ,71400 ,14800 ,14250 ,40745 
157,106,,08/04/2021,11800 ,36250 ,119750 ,25200 ,33850 ,29950 ,50750 ,70800 ,14800 ,14250 ,40740 
158,107,,09/04/2021,11800 ,36500 ,120150 ,25300 ,33850 ,30000 ,50400 ,71200 ,14800 ,14250 ,40825 
159,,,4/10/2021,11800 ,37050 ,121490 ,25560 ,34040 ,30060 ,51390 ,70540 ,14800 ,14250 ,41098 
160,,,4/11/2021,11800 ,37050 ,121490 ,25560 ,34040 ,30060 ,51390 ,70540 ,14800 ,14250 ,41098 
161,108,,12/04/2021,11800 ,37650 ,122850 ,25800 ,34250 ,30200 ,52350 ,70400 ,14800 ,14250 ,41435 
162,109,,13/04/2021,11800 ,37800 ,123200 ,25950 ,34200 ,30100 ,52050 ,69750 ,14800 ,14250 ,41390 
163,110,,14/04/2021,11800 ,37800 ,122850 ,26100 ,34200 ,30150 ,52850 ,69500 ,14800 ,14250 ,41430 
164,111,Apr,15/04/2021,11800 ,37800 ,122450 ,26150 ,34200 ,30200 ,53250 ,70000 ,14800 ,14250 ,41490 
165,112,,16/04/2021,11800 ,37750 ,122050 ,26150 ,34150 ,30200 ,52650 ,71300 ,14800 ,14250 ,41510 
166,,,4/17/2021,11790 ,37500 ,121980 ,26210 ,34090 ,30180 ,51300 ,68000 ,14830 ,14250 ,41013 
167,,,4/18/2021,11790 ,37500 ,121980 ,26210 ,34090 ,30180 ,51300 ,68000 ,14830 ,14250 ,41013 
168,113,,19/04/2021,11800 ,37300 ,121750 ,26250 ,34050 ,30200 ,50050 ,65900 ,14850 ,14250 ,40640 
169,114,,20/04/2021,11750 ,37150 ,121650 ,26300 ,33950 ,30100 ,49250 ,64800 ,14850 ,14250 ,40405 
170,115,,21/04/2021,11750 ,36900 ,121750 ,26300 ,33850 ,30100 ,48600 ,63250 ,14850 ,14250 ,40160 
171,116,,22/04/2021,11800 ,36750 ,121750 ,26300 ,33700 ,30150 ,47250 ,61700 ,14850 ,14250 ,39850 
172,117,,23/04/2021,11750 ,36550 ,121850 ,26250 ,33650 ,30250 ,46200 ,60550 ,14850 ,14250 ,39615 
173,,,4/24/2021,11760 ,36350 ,121830 ,26200 ,33480 ,30210 ,44640 ,58880 ,14880 ,14250 ,39248 
174,,,4/25/2021,11760 ,36350 ,121830 ,26200 ,33480 ,30210 ,44640 ,58880 ,14880 ,14250 ,39248 
175,118,,26/04/2021,11750 ,36150 ,121850 ,26150 ,33300 ,30250 ,43100 ,57050 ,14900 ,14250 ,38875 
176,119,,27/04/2021,11750 ,35950 ,121850 ,26100 ,33250 ,30200 ,42000 ,56200 ,14900 ,14250 ,38645 
177,120,,28/04/2021,11750 ,35900 ,121900 ,26100 ,33200 ,30150 ,41400 ,56000 ,14900 ,14300 ,38560 
178,121,,29/04/2021,11750 ,35900 ,121900 ,26000 ,33100 ,30250 ,40700 ,55550 ,14950 ,14250 ,38435 
179,122,,30/04/2021,11750 ,35900 ,122000 ,26000 ,33100 ,30200 ,40150 ,55000 ,14950 ,14250 ,38330 
180,,,5/1/2021,11750 ,36010 ,122330 ,25990 ,33050 ,30200 ,40230 ,54810 ,14960 ,14250 ,38358 
181,,,5/2/2021,11750 ,36010 ,122330 ,25990 ,33050 ,30200 ,40230 ,54810 ,14960 ,14250 ,38358 
182,123,,03/05/2021,11750 ,36000 ,122500 ,25950 ,32950 ,30150 ,39900 ,53900 ,14950 ,14250 ,38230 
183,124,,04/05/2021,11750 ,36250 ,122900 ,26000 ,33050 ,30200 ,40150 ,54800 ,15000 ,14250 ,38435 
184,125,,05/05/2021,11750 ,36550 ,123100 ,26050 ,33150 ,30300 ,40300 ,55400 ,15000 ,14250 ,38585 
185,126,,06/05/2021,11750 ,36600 ,123500 ,26050 ,33100 ,30250 ,40950 ,55550 ,15000 ,14250 ,38700 
186,127,,07/05/2021,11750 ,37000 ,124100 ,26100 ,33200 ,30300 ,41100 ,55750 ,15000 ,14250 ,38855 
187,,,5/8/2021,11750 ,37650 ,127630 ,26130 ,33440 ,30410 ,44510 ,58380 ,15040 ,14250 ,39919 
188,,,5/9/2021,11750 ,37650 ,127630 ,26130 ,33440 ,30410 ,44510 ,58380 ,15040 ,14250 ,39919 
189,128,,10/05/2021,11750 ,37950 ,129650 ,26200 ,33650 ,30450 ,47500 ,59800 ,15050 ,14250 ,40625 
190,129,,11/05/2021,11750 ,39050 ,133250 ,26150 ,33800 ,30650 ,48500 ,62400 ,15100 ,14250 ,41490 
191,,,5/12/2021,11750 ,37970 ,126550 ,26060 ,33370 ,30430 ,42920 ,56750 ,15080 ,14260 ,39514 
192,,,5/13/2021,11750 ,37970 ,126550 ,26060 ,33370 ,30430 ,42920 ,56750 ,15080 ,14260 ,39514 
193,,,5/14/2021,11750 ,37970 ,126550 ,26060 ,33370 ,30430 ,42920 ,56750 ,15080 ,14260 ,39514 
194,,May,5/15/2021,11750 ,37970 ,126550 ,26060 ,33370 ,30430 ,42920 ,56750 ,15080 ,14260 ,39514 
195,,,5/16/2021,11750 ,37970 ,126550 ,26060 ,33370 ,30430 ,42920 ,56750 ,15080 ,14260 ,39514 
196,130,,17/05/2021,11750 ,39000 ,127350 ,26050 ,33400 ,30500 ,45350 ,59000 ,15100 ,14250 ,40175 
197,131,,18/05/2021,11750 ,38900 ,126850 ,26000 ,33300 ,30450 ,43500 ,57950 ,15100 ,14250 ,39805 
198,132,,19/05/2021,11750 ,38550 ,126400 ,26000 ,33400 ,30500 ,42000 ,56000 ,15150 ,14350 ,39410 
199,133,,20/05/2021,11750 ,38200 ,125950 ,26000 ,33350 ,30450 ,40450 ,53950 ,15150 ,14250 ,38950 
200,134,,21/05/2021,11750 ,37850 ,125300 ,26000 ,33350 ,30450 ,39500 ,51650 ,15150 ,14250 ,38525 
201,,,5/22/2021,11750 ,37690 ,125260 ,25960 ,33200 ,30440 ,38500 ,51110 ,15200 ,14230 ,38334 
202,,,5/23/2021,11750 ,37690 ,125260 ,25960 ,33200 ,30440 ,38500 ,51110 ,15200 ,14230 ,38334 
203,135,,24/05/2021,11750 ,37400 ,124950 ,25900 ,33100 ,30450 ,37200 ,49750 ,15300 ,14200 ,38000 
204,136,,25/05/2021,11750 ,37300 ,124850 ,25950 ,33000 ,30400 ,36850 ,49100 ,15200 ,14200 ,37860 
205,,,5/26/2021,11750,37230,124650,25980,32950,30430,36350,48580,15200,14200,37732 
206,137,,27/05/2021,11750 ,37150 ,124450 ,26000 ,32900 ,30450 ,35850 ,48050 ,15200 ,14200 ,37600 
207,138,,28/05/2021,11750 ,37000 ,124400 ,26000 ,32850 ,30400 ,35350 ,47450 ,15250 ,14200 ,37465 
208,,,5/29/2021,11740 ,37030 ,124110 ,26160 ,32660 ,30540 ,34750 ,47030 ,15210 ,14200 ,37343 
209,,,5/30/2021,11740 ,37030 ,124110 ,26160 ,32660 ,30540 ,34750 ,47030 ,15210 ,14200 ,37343 
210,139,,31/05/2021,11700 ,37000 ,123600 ,26300 ,32550 ,31000 ,34000 ,46750 ,15200 ,14200 ,37230 
211,,,6/1/2021,11730,36980,123800,26330,32450,30650,33900,46300,15200,14200,37154 
212,140,,02/06/2021,11750 ,36950 ,124000 ,26350 ,32350 ,30300 ,33800 ,45850 ,15200 ,14200 ,37075 
213,141,,03/06/2021,11750 ,36900 ,124050 ,26350 ,32200 ,30300 ,33600 ,45250 ,15250 ,14200 ,36985 
214,142,,04/06/2021,11750 ,37000 ,124050 ,26400 ,32250 ,30250 ,33900 ,44900 ,15250 ,14200 ,36995 
215,,,6/5/2021,11750 ,37000 ,123890 ,26430 ,32050 ,30190 ,33730 ,45210 ,15250 ,14200 ,36970 
216,,,6/6/2021,11750 ,37000 ,123890 ,26430 ,32050 ,30190 ,33730 ,45210 ,15250 ,14200 ,36970 
217,143,,07/06/2021,11750 ,37050 ,123850 ,26500 ,31900 ,30150 ,33850 ,45450 ,15250 ,14200 ,36995 
218,144,,08/06/2021,11750 ,37050 ,123600 ,26450 ,31850 ,30050 ,33550 ,45250 ,15250 ,14200 ,36900 
219,145,,09/06/2021,11750 ,37200 ,123450 ,26450 ,31750 ,30100 ,33700 ,45250 ,15250 ,14200 ,36910 
220,146,,10/06/2021,11700 ,37300 ,123600 ,26450 ,31800 ,30050 ,33700 ,45200 ,15250 ,14200 ,36925 
221,147,,11/06/2021,11700 ,37400 ,123450 ,26450 ,31400 ,30050 ,33800 ,45850 ,15250 ,14200 ,36955 
222,,,6/12/2021,11730 ,37500 ,123510 ,26450 ,31340 ,30010 ,33340 ,45830 ,15280 ,14200 ,36919 
223,,,6/13/2021,11730 ,37500 ,123510 ,26450 ,31340 ,30010 ,33340 ,45830 ,15280 ,14200 ,36919 
224,148,,14/06/2021,11750 ,37600 ,123500 ,26450 ,31200 ,30000 ,33200 ,46000 ,15300 ,14200 ,36920 
225,149,Jun,15/06/2021,11750 ,37700 ,123500 ,26450 ,30950 ,29950 ,32650 ,46250 ,15300 ,14200 ,36870 
226,150,,16/06/2021,11750 ,37550 ,123600 ,26350 ,30950 ,29950 ,32500 ,46600 ,15300 ,14200 ,36875 
227,151,,17/06/2021,11750 ,37650 ,123500 ,26300 ,30950 ,30000 ,32500 ,46950 ,15300 ,14200 ,36910 
228,152,,18/06/2021,11750 ,37550 ,123500 ,26300 ,31000 ,29950 ,32400 ,47650 ,15300 ,14200 ,36960 
229,,,6/19/2021,11750 ,37550 ,123530 ,26200 ,30960 ,29880 ,32600 ,48860 ,15300 ,14200 ,37083 
230,,,6/20/2021,11750 ,37550 ,123530 ,26200 ,30960 ,29880 ,32600 ,48860 ,15300 ,14200 ,37083 
231,153,,21/06/2021,11750 ,37500 ,123450 ,26150 ,30900 ,29800 ,32800 ,50150 ,15300 ,14200 ,37200 
232,154,,22/06/2021,11750 ,37500 ,123650 ,26050 ,31000 ,29750 ,32700 ,50700 ,15300 ,14200 ,37260 
233,155,,23/06/2021,11750 ,37500 ,123650 ,25950 ,31050 ,29750 ,32850 ,51150 ,15350 ,14200 ,37320 
234,156,,24/06/2021,11750 ,37450 ,123650 ,25950 ,31200 ,29650 ,32900 ,51950 ,15350 ,14150 ,37400 
235,157,,25/06/2021,11750 ,37200 ,123650 ,25900 ,31250 ,29700 ,33600 ,53600 ,15350 ,14150 ,37615 
236,,,6/26/2021,11750 ,36960 ,123630 ,25860 ,31400 ,29730 ,33660 ,54090 ,15340 ,14150 ,37657 
237,,,6/27/2021,11750 ,36960 ,123630 ,25860 ,31400 ,29730 ,33660 ,54090 ,15340 ,14150 ,37657 
238,158,,28/06/2021,11750 ,36700 ,123450 ,25850 ,31600 ,29800 ,34050 ,54900 ,15350 ,14150 ,37760 
239,159,,29/06/2021,11750 ,36500 ,123750 ,25750 ,31550 ,29750 ,34100 ,55900 ,15300 ,14150 ,37850 
240,160,,30/06/2021,11700 ,36300 ,123750 ,25700 ,31700 ,29750 ,34450 ,56400 ,15350 ,14150 ,37925 
241,161,,01/07/2021,11750 ,35950 ,123900 ,25650 ,31750 ,29800 ,34850 ,56700 ,15300 ,14150 ,37980 
242,162,,02/07/2021,11700 ,35800 ,123850 ,25650 ,31750 ,29750 ,35250 ,56700 ,15300 ,14150 ,37990 
243,,,7/3/2021,11730 ,35490 ,123890 ,25530 ,31890 ,29760 ,35760 ,57400 ,15330 ,14150 ,38093 
244,,,7/4/2021,11730 ,35490 ,123890 ,25530 ,31890 ,29760 ,35760 ,57400 ,15330 ,14150 ,38093 
245,163,,05/07/2021,11700 ,35200 ,123900 ,25400 ,31950 ,29750 ,36500 ,57850 ,15350 ,14150 ,38175 
246,164,,06/07/2021,11750 ,35000 ,123900 ,25400 ,32100 ,29750 ,36450 ,58350 ,15350 ,14150 ,38220 
247,165,,07/07/2021,11700 ,34750 ,123950 ,25350 ,32300 ,29800 ,37050 ,58200 ,15300 ,14150 ,38255 
248,166,,08/07/2021,11700 ,34700 ,123950 ,25350 ,32300 ,29850 ,37050 ,58700 ,15300 ,14150 ,38305 
249,167,,09/07/2021,11700 ,34450 ,123950 ,25300 ,32400 ,29900 ,37300 ,58800 ,15300 ,14150 ,38325 
250,,,7/10/2021,11700 ,34200 ,124000 ,25310 ,32430 ,29880 ,37180 ,58960 ,15330 ,14130 ,38312 
251,,,7/11/2021,11700 ,34200 ,124000 ,25310 ,32430 ,29880 ,37180 ,58960 ,15330 ,14130 ,38312 
252,168,,12/07/2021,11700 ,33900 ,124050 ,25300 ,32500 ,29900 ,37200 ,59150 ,15350 ,14100 ,38315 
253,169,,13/07/2021,11700 ,33750 ,124050 ,25300 ,32500 ,29850 ,37150 ,59200 ,15350 ,14100 ,38295 
254,170,,14/07/2021,11700 ,33550 ,122350 ,25350 ,32550 ,29850 ,37200 ,59100 ,15350 ,14100 ,38110 
255,171,Jul,15/07/2021,11700 ,33400 ,123950 ,25350 ,32600 ,29900 ,37300 ,58750 ,15350 ,14150 ,38245 
256,172,,16/07/2021,11700 ,33250 ,124000 ,25500 ,32750 ,29900 ,37750 ,58400 ,15350 ,14150 ,38275 
257,,,7/17/2021,11710 ,33550 ,126250 ,25630 ,33330 ,30100 ,40140 ,59000 ,15380 ,14140 ,38923 
258,,,7/18/2021,11710 ,33550 ,126250 ,25630 ,33330 ,30100 ,40140 ,59000 ,15380 ,14140 ,38923 
259,173,,19/07/2021,11700 ,33750 ,129150 ,25800 ,33650 ,30150 ,42350 ,58950 ,15400 ,14100 ,39500 
260,,,7/20/2021,11730,33780,128530,25830,33980,30300,42750,59430,15400,14130,39586 
261,174,,21/07/2021,11750 ,33800 ,127900 ,25850 ,34300 ,30450 ,43150 ,59900 ,15400 ,14150 ,39665 
262,175,,22/07/2021,11700 ,33850 ,127100 ,25850 ,34000 ,30350 ,42300 ,59100 ,15400 ,14150 ,39380 
263,176,,23/07/2021,11700 ,33750 ,126650 ,25900 ,34250 ,30350 ,42250 ,59200 ,15400 ,14150 ,39360 
264,,,7/24/2021,11700 ,33390 ,125840 ,25990 ,34540 ,30460 ,40010 ,56710 ,15430 ,14150 ,38822 
265,,,7/25/2021,11700 ,33390 ,125840 ,25990 ,34540 ,30460 ,40010 ,56710 ,15430 ,14150 ,38822 
266,177,,26/07/2021,11700 ,33150 ,124700 ,26100 ,34800 ,30500 ,38200 ,54750 ,15450 ,14150 ,38350 
267,178,,27/07/2021,11700 ,32800 ,124900 ,26100 ,35100 ,30650 ,37300 ,53800 ,15450 ,14150 ,38195 
268,179,,28/07/2021,11750 ,32650 ,124850 ,26150 ,35350 ,30600 ,36500 ,52550 ,15500 ,14150 ,38005 
269,180,,29/07/2021,11700 ,32400 ,124250 ,26200 ,35600 ,30600 ,35600 ,51100 ,15550 ,14150 ,37715 
270,181,,30/07/2021,11700 ,32300 ,124100 ,26200 ,35750 ,30650 ,34750 ,50200 ,15550 ,14150 ,37535 
271,,,7/31/2021,11700 ,32290 ,124110 ,26200 ,35950 ,30740 ,34100 ,49440 ,15580 ,14150 ,37426 
272,,,8/1/2021,11700 ,32290 ,124110 ,26200 ,35950 ,30740 ,34100 ,49440 ,15580 ,14150 ,37426 
273,182,,02/08/2021,11700 ,32100 ,124050 ,26200 ,36100 ,30850 ,33200 ,48550 ,15600 ,14150 ,37250 
274,183,,03/08/2021,11700 ,32350 ,124050 ,26200 ,36350 ,30850 ,32850 ,47900 ,15600 ,14150 ,37200 
275,184,,04/08/2021,11700 ,32650 ,124050 ,26150 ,36400 ,30850 ,32350 ,47400 ,15650 ,14100 ,37130 
276,185,,05/08/2021,11700 ,32650 ,124050 ,26150 ,36350 ,30850 ,32450 ,47300 ,15650 ,14100 ,37125 
277,186,,06/08/2021,11700 ,32500 ,124050 ,26150 ,36300 ,30850 ,31950 ,47250 ,15650 ,14100 ,37050 
278,,,8/7/2021,11700 ,32640 ,124050 ,26040 ,36250 ,30830 ,31810 ,46840 ,15680 ,14100 ,36994 
279,,,8/8/2021,11700 ,32640 ,124050 ,26040 ,36250 ,30830 ,31810 ,46840 ,15680 ,14100 ,36994 
280,187,,09/08/2021,11700 ,32550 ,124050 ,25950 ,36200 ,30800 ,31450 ,46700 ,15700 ,14100 ,36920 
281,188,,10/08/2021,11700 ,32850 ,124050 ,25900 ,36150 ,30800 ,31400 ,46100 ,15700 ,14100 ,36875 
282,,,8/11/2021,11700 ,32880 ,124050 ,25880 ,36030 ,30800 ,31230 ,45650 ,15700 ,14100 ,36802 
283,189,,12/08/2021,11700 ,32900 ,124050 ,25850 ,35900 ,30800 ,31050 ,45200 ,15700 ,14100 ,36725 
284,190,,13/08/2021,11650 ,32750 ,123450 ,25850 ,35650 ,30750 ,30500 ,44400 ,15700 ,14050 ,36475 
285,,,8/14/2021,11690 ,32640 ,123880 ,25740 ,35310 ,30690 ,30480 ,43840 ,15730 ,14060 ,36406 
286,,Aug,8/15/2021,11690 ,32640 ,123880 ,25740 ,35310 ,30690 ,30480 ,43840 ,15730 ,14060 ,36406 
287,191,,16/08/2021,11700 ,32500 ,124000 ,25700 ,35050 ,30600 ,30150 ,43500 ,15750 ,14050 ,36300 
288,,,8/17/2021,11700 ,32450 ,124000 ,25630 ,34850 ,30600 ,30180 ,42880 ,15750 ,14050 ,36209 
289,192,,18/08/2021,11700 ,32400 ,124000 ,25550 ,34650 ,30600 ,30200 ,42250 ,15750 ,14050 ,36115 
290,193,,19/08/2021,11650 ,32300 ,124000 ,25500 ,34500 ,30550 ,29950 ,42150 ,15800 ,14050 ,36045 
291,194,,20/08/2021,11650 ,32000 ,124300 ,25400 ,34200 ,30550 ,29700 ,42050 ,15850 ,14150 ,35985 
292,,,8/21/2021,11650 ,32230 ,124100 ,25350 ,33980 ,30410 ,29200 ,40680 ,15840 ,14080 ,35752 
293,,,8/22/2021,11650 ,32230 ,124100 ,25350 ,33980 ,30410 ,29200 ,40680 ,15840 ,14080 ,35752 
294,195,,23/08/2021,11650 ,32250 ,124050 ,25300 ,33700 ,30300 ,28700 ,39500 ,15850 ,14050 ,35535 
295,196,,24/08/2021,11650 ,32350 ,124050 ,25200 ,33500 ,30250 ,28450 ,39000 ,15850 ,14050 ,35435 
296,197,,25/08/2021,11650 ,32400 ,124000 ,25150 ,33200 ,30300 ,28250 ,38650 ,15850 ,14050 ,35350 
297,198,,26/08/2021,11650 ,32550 ,124150 ,25100 ,32950 ,30250 ,28350 ,38050 ,15850 ,14050 ,35295 
298,199,,27/08/2021,11650 ,32800 ,124100 ,25050 ,32650 ,30200 ,28150 ,37950 ,15850 ,14050 ,35245 
299,,,8/28/2021,11650 ,32960 ,124090 ,24890 ,32480 ,30230 ,28410 ,37440 ,15880 ,14050 ,35208 
300,,,8/29/2021,11650 ,32960 ,124090 ,24890 ,32480 ,30230 ,28410 ,37440 ,15880 ,14050 ,35208 
301,200,,30/08/2021,11650 ,33150 ,124050 ,24750 ,32200 ,30250 ,28500 ,36950 ,15900 ,14050 ,35145 
302,201,,31/08/2021,11650 ,33350 ,124050 ,24650 ,32100 ,30200 ,28650 ,36800 ,15900 ,14050 ,35140 
303,202,,01/09/2021,11650 ,33700 ,124100 ,24600 ,31950 ,30200 ,28900 ,37150 ,15900 ,14050 ,35220 
304,203,,02/09/2021,11650 ,33900 ,124050 ,24500 ,31750 ,30150 ,28900 ,37000 ,15900 ,14050 ,35185 
305,204,,03/09/2021,11650 ,33950 ,124050 ,24400 ,31600 ,30050 ,28850 ,36500 ,15900 ,14050 ,35100 
306,,,9/4/2021,11650 ,34480 ,124080 ,24260 ,31500 ,30010 ,28640 ,36760 ,15930 ,14050 ,35136 
307,,,9/5/2021,11650 ,34480 ,124080 ,24260 ,31500 ,30010 ,28640 ,36760 ,15930 ,14050 ,35136 
308,205,,06/09/2021,11650 ,34200 ,124100 ,24100 ,31400 ,29950 ,28550 ,36850 ,15950 ,14050 ,35080 
309,206,,07/09/2021,11650 ,35850 ,124100 ,24050 ,31250 ,29900 ,28250 ,36700 ,15950 ,14050 ,35175 
310,207,,08/09/2021,11700 ,34400 ,124000 ,23950 ,31250 ,29900 ,28350 ,36900 ,16000 ,14050 ,35050 
311,208,,09/09/2021,11700 ,34600 ,124000 ,23950 ,31200 ,29950 ,28650 ,37050 ,16000 ,14050 ,35115 
312,209,,10/09/2021,11650 ,34800 ,124000 ,23900 ,31150 ,29950 ,28400 ,36850 ,16000 ,14050 ,35075 
313,,,9/11/2021,11660 ,34750 ,124010 ,23850 ,30940 ,29910 ,28310 ,36440 ,16030 ,14050 ,34995 
314,,,9/12/2021,11660 ,34750 ,124010 ,23850 ,30940 ,29910 ,28310 ,36440 ,16030 ,14050 ,34995 
315,210,,13/09/2021,11650 ,34800 ,124050 ,23800 ,30850 ,29900 ,28000 ,36100 ,16050 ,14050 ,34925 
316,211,,14/09/2021,11650 ,34800 ,124000 ,23750 ,30550 ,29850 ,28200 ,35750 ,16050 ,14050 ,34865 
317,212,Sep,15/09/2021,11650 ,34800 ,124100 ,23700 ,30350 ,29850 ,28250 ,35750 ,16050 ,14050 ,34855 
318,213,,16/09/2021,11650 ,34800 ,124100 ,23650 ,30350 ,29850 ,28500 ,36100 ,16050 ,14050 ,34910 
319,214,,17/09/2021,11650 ,34900 ,124100 ,23600 ,30300 ,29800 ,28450 ,36300 ,16050 ,14050 ,34920 
320,,,9/18/2021,11650 ,34900 ,124090 ,23540 ,30200 ,29740 ,28630 ,36160 ,16060 ,14050 ,34902 
321,,,9/19/2021,11650 ,34900 ,124090 ,23540 ,30200 ,29740 ,28630 ,36160 ,16060 ,14050 ,34902 
322,215,,20/09/2021,11650 ,34850 ,124100 ,23500 ,30150 ,29650 ,28700 ,36100 ,16050 ,14050 ,34880 
323,216,,21/09/2021,11650 ,35050 ,124050 ,23400 ,30000 ,29650 ,28850 ,36150 ,16100 ,14050 ,34895 
324,217,,22/09/2021,11650 ,35250 ,123950 ,23350 ,30000 ,29650 ,29000 ,36400 ,16100 ,14050 ,34940 
325,218,,23/09/2021,11650 ,35350 ,124050 ,23300 ,29850 ,29650 ,28950 ,36650 ,16100 ,14050 ,34960 
326,219,,24/09/2021,11650 ,35400 ,124000 ,23250 ,29800 ,29600 ,29150 ,36550 ,16100 ,14050 ,34955 
327,,,9/25/2021,11650 ,35500 ,123940 ,23260 ,29790 ,29650 ,29540 ,37280 ,16110 ,14050 ,35077 
328,,,9/26/2021,11650 ,35500 ,123940 ,23260 ,29790 ,29650 ,29540 ,37280 ,16110 ,14050 ,35077 
329,220,,27/09/2021,11650 ,35600 ,124050 ,23200 ,29750 ,29650 ,29800 ,37750 ,16100 ,14050 ,35160 
330,221,,28/09/2021,11650 ,35650 ,123650 ,23300 ,29750 ,29700 ,30250 ,38150 ,16150 ,14050 ,35230 
331,222,,29/09/2021,11650 ,35700 ,123700 ,23300 ,29650 ,29600 ,30350 ,37800 ,16150 ,14050 ,35195 
332,223,,30/09/2021,11650 ,35600 ,123650 ,23350 ,29650 ,29550 ,30350 ,38050 ,16150 ,14100 ,35210 
333,224,,01/10/2021,11650 ,35500 ,124100 ,23350 ,29650 ,29600 ,30700 ,37900 ,16150 ,14050 ,35265 
334,,,10/2/2021,11650 ,35460 ,123950 ,23310 ,29580 ,29560 ,32080 ,38210 ,16180 ,14060 ,35404 
335,,,10/3/2021,11650 ,35460 ,123950 ,23310 ,29580 ,29560 ,32080 ,38210 ,16180 ,14060 ,35404 
336,225,,04/10/2021,11650 ,35400 ,124000 ,23300 ,29500 ,29550 ,33350 ,38300 ,16200 ,14050 ,35530 
337,226,,05/10/2021,11650 ,35350 ,124050 ,23250 ,29500 ,29550 ,33900 ,38600 ,16200 ,14050 ,35610 
338,227,,06/10/2021,11650 ,35350 ,124150 ,23250 ,29500 ,29600 ,33800 ,38350 ,16200 ,14050 ,35590 
339,228,,07/10/2021,11650 ,35450 ,124150 ,23200 ,29600 ,29650 ,34200 ,38650 ,16250 ,14050 ,35685 
340,229,,08/10/2021,11650 ,35550 ,124150 ,23200 ,29550 ,29600 ,34250 ,38900 ,16300 ,14050 ,35720 
341,,,10/9/2021,11650 ,35660 ,124150 ,23180 ,29590 ,29590 ,34210 ,39140 ,16380 ,14050 ,35760 
342,,,10/10/2021,11650 ,35660 ,124150 ,23180 ,29590 ,29590 ,34210 ,39140 ,16380 ,14050 ,35760 
343,230,,11/10/2021,11650 ,35750 ,124150 ,23150 ,29600 ,29550 ,34150 ,39500 ,16450 ,14050 ,35800 
344,231,,12/10/2021,11650 ,35900 ,124150 ,23150 ,29600 ,29550 ,34250 ,39500 ,16500 ,14050 ,35830 
345,232,,13/10/2021,11650 ,35900 ,124150 ,23100 ,29650 ,29550 ,34650 ,39900 ,16550 ,14050 ,35915 
346,233,,14/10/2021,11650 ,36000 ,124150 ,23150 ,29850 ,29650 ,34850 ,39800 ,16600 ,14050 ,35975 
347,234,Oct,15/10/2021,11650 ,36050 ,124200 ,23150 ,29900 ,29650 ,34700 ,40100 ,16650 ,14000 ,36005 
348,,,10/16/2021,11650 ,36050 ,124230 ,23100 ,29850 ,29590 ,34510 ,40010 ,16700 ,14030 ,35972 
349,,,10/17/2021,11650 ,36050 ,124230 ,23100 ,29850 ,29590 ,34510 ,40010 ,16700 ,14030 ,35972 
350,235,,18/10/2021,11650 ,36050 ,124300 ,23050 ,29800 ,29450 ,34200 ,40100 ,16750 ,14050 ,35940 
351,236,,19/10/2021,11650 ,36100 ,124250 ,23050 ,29850 ,29600 ,34300 ,40050 ,16800 ,14000 ,35965 
352,,,10/20/2021,11650 ,36050 ,124200 ,23030 ,29830 ,29530 ,34350 ,39730 ,16800 ,14030 ,35920 
353,237,,21/10/2021,11650 ,36000 ,124150 ,23000 ,29800 ,29450 ,34400 ,39400 ,16800 ,14050 ,35870 
354,238,,22/10/2021,11650 ,36150 ,124150 ,22950 ,29750 ,29450 ,34750 ,38950 ,16850 ,14250 ,35890 
355,,,10/23/2021,11650 ,36060 ,124180 ,23000 ,29700 ,29460 ,35000 ,38360 ,16910 ,14100 ,35842 
356,,,10/24/2021,11650 ,36060 ,124180 ,23000 ,29700 ,29460 ,35000 ,38360 ,16910 ,14100 ,35842 
357,239,,25/10/2021,11650 ,35950 ,124150 ,23000 ,29600 ,29450 ,35450 ,37700 ,16950 ,14050 ,35795 
358,240,,26/10/2021,11650 ,36150 ,124250 ,23050 ,29650 ,29500 ,35400 ,37400 ,17050 ,14050 ,35815 
359,241,,27/10/2021,11650 ,36050 ,124150 ,23050 ,29600 ,29450 ,35350 ,37250 ,17050 ,14050 ,35765 
360,242,,28/10/2021,11650 ,36100 ,124200 ,23100 ,29650 ,29500 ,35350 ,37050 ,17200 ,14050 ,35785 
361,243,,29/10/2021,11650 ,36050 ,124200 ,23150 ,29450 ,29450 ,35550 ,36200 ,17250 ,14050 ,35700 
362,,,10/30/2021,11650 ,36040 ,124210 ,23210 ,29360 ,29480 ,35780 ,35980 ,17330 ,14080 ,35712 
363,,,10/31/2021,11650 ,36040 ,124210 ,23210 ,29360 ,29480 ,35780 ,35980 ,17330 ,14080 ,35712 
364,244,,01/11/2021,11650 ,35950 ,124350 ,23250 ,29250 ,29450 ,36100 ,35550 ,17400 ,14100 ,35705 
365,245,,02/11/2021,11650 ,36050 ,124100 ,23350 ,29100 ,29500 ,36100 ,35100 ,17450 ,14100 ,35650 
366,246,,03/11/2021,11650 ,35850 ,124350 ,23400 ,29100 ,29500 ,36500 ,35350 ,17550 ,14050 ,35730 
367,247,,04/11/2021,11650 ,35800 ,124300 ,23550 ,29050 ,29350 ,37100 ,35500 ,17650 ,14050 ,35800 
